{
    "confusion_matrix": [
        [
            149,
            19
        ],
        [
            22,
            78
        ]
    ],
    "roc_curve": {
        "fpr": [
            0.0,
            0.0,
            0.0,
            0.011904761904761904,
            0.011904761904761904,
            0.017857142857142856,
            0.017857142857142856,
            0.023809523809523808,
            0.023809523809523808,
            0.03571428571428571,
            0.03571428571428571,
            0.041666666666666664,
            0.041666666666666664,
            0.05357142857142857,
            0.05357142857142857,
            0.06547619047619048,
            0.06547619047619048,
            0.07142857142857142,
            0.07142857142857142,
            0.07738095238095238,
            0.07738095238095238,
            0.08333333333333333,
            0.08333333333333333,
            0.08928571428571429,
            0.08928571428571429,
            0.09523809523809523,
            0.09523809523809523,
            0.10119047619047619,
            0.10119047619047619,
            0.10714285714285714,
            0.10714285714285714,
            0.1130952380952381,
            0.1130952380952381,
            0.125,
            0.125,
            0.13690476190476192,
            0.13690476190476192,
            0.15476190476190477,
            0.15476190476190477,
            0.16071428571428573,
            0.16071428571428573,
            0.18452380952380953,
            0.18452380952380953,
            0.22023809523809523,
            0.22023809523809523,
            0.2261904761904762,
            0.2261904761904762,
            0.25,
            0.25,
            0.25595238095238093,
            0.25595238095238093,
            0.26785714285714285,
            0.26785714285714285,
            0.2916666666666667,
            0.2916666666666667,
            0.3333333333333333,
            0.3333333333333333,
            0.35119047619047616,
            0.35119047619047616,
            0.44047619047619047,
            0.44047619047619047,
            0.4880952380952381,
            0.4880952380952381,
            0.75,
            0.75,
            1.0,
            1.0
        ],
        "tpr": [
            0.0,
            0.01,
            0.21,
            0.21,
            0.26,
            0.26,
            0.29,
            0.29,
            0.3,
            0.3,
            0.36,
            0.36,
            0.39,
            0.39,
            0.41,
            0.41,
            0.5,
            0.5,
            0.56,
            0.56,
            0.64,
            0.64,
            0.69,
            0.69,
            0.7,
            0.7,
            0.71,
            0.71,
            0.73,
            0.73,
            0.77,
            0.77,
            0.78,
            0.78,
            0.79,
            0.79,
            0.84,
            0.84,
            0.85,
            0.85,
            0.87,
            0.87,
            0.88,
            0.88,
            0.89,
            0.89,
            0.9,
            0.9,
            0.91,
            0.91,
            0.92,
            0.92,
            0.93,
            0.93,
            0.94,
            0.94,
            0.95,
            0.95,
            0.96,
            0.96,
            0.97,
            0.97,
            0.98,
            0.98,
            0.99,
            0.99,
            1.0
        ],
        "auc": 0.9008928571428572
    },
    "precision_recall_curve": {
        "precision": [
            0.373134328358209,
            0.3707865168539326,
            0.37218045112781956,
            0.37358490566037733,
            0.375,
            0.376425855513308,
            0.37786259541984735,
            0.3793103448275862,
            0.38076923076923075,
            0.38223938223938225,
            0.38372093023255816,
            0.3852140077821012,
            0.38671875,
            0.38823529411764707,
            0.38976377952755903,
            0.391304347826087,
            0.39285714285714285,
            0.3944223107569721,
            0.396,
            0.39759036144578314,
            0.39919354838709675,
            0.4008097165991903,
            0.4024390243902439,
            0.40408163265306124,
            0.4057377049180328,
            0.4074074074074074,
            0.4090909090909091,
            0.4107883817427386,
            0.4125,
            0.41422594142259417,
            0.41596638655462187,
            0.4177215189873418,
            0.4194915254237288,
            0.42127659574468085,
            0.4230769230769231,
            0.4248927038626609,
            0.4267241379310345,
            0.42857142857142855,
            0.43043478260869567,
            0.43231441048034935,
            0.4342105263157895,
            0.43612334801762115,
            0.43805309734513276,
            0.44,
            0.4375,
            0.43946188340807174,
            0.44144144144144143,
            0.4434389140271493,
            0.44545454545454544,
            0.4474885844748858,
            0.44954128440366975,
            0.45161290322580644,
            0.4537037037037037,
            0.4558139534883721,
            0.45794392523364486,
            0.460093896713615,
            0.46226415094339623,
            0.46445497630331756,
            0.4666666666666667,
            0.4688995215311005,
            0.47115384615384615,
            0.47342995169082125,
            0.47572815533980584,
            0.47804878048780486,
            0.4803921568627451,
            0.4827586206896552,
            0.48514851485148514,
            0.48756218905472637,
            0.49,
            0.49246231155778897,
            0.494949494949495,
            0.49746192893401014,
            0.5,
            0.5025641025641026,
            0.5051546391752577,
            0.5077720207253886,
            0.5104166666666666,
            0.5130890052356021,
            0.5157894736842106,
            0.5185185185185185,
            0.5212765957446809,
            0.5240641711229946,
            0.5268817204301075,
            0.5297297297297298,
            0.532608695652174,
            0.5355191256830601,
            0.5384615384615384,
            0.5414364640883977,
            0.5444444444444444,
            0.5418994413407822,
            0.5449438202247191,
            0.5480225988700564,
            0.5511363636363636,
            0.5542857142857143,
            0.5574712643678161,
            0.5606936416184971,
            0.563953488372093,
            0.5672514619883041,
            0.5647058823529412,
            0.5680473372781065,
            0.5714285714285714,
            0.5748502994011976,
            0.5783132530120482,
            0.5818181818181818,
            0.5853658536585366,
            0.588957055214724,
            0.5925925925925926,
            0.5962732919254659,
            0.6,
            0.6037735849056604,
            0.6075949367088608,
            0.6114649681528662,
            0.6153846153846154,
            0.6193548387096774,
            0.6168831168831169,
            0.6209150326797386,
            0.625,
            0.6291390728476821,
            0.6266666666666667,
            0.6308724832214765,
            0.6351351351351351,
            0.6394557823129252,
            0.6438356164383562,
            0.6482758620689655,
            0.6527777777777778,
            0.6573426573426573,
            0.6549295774647887,
            0.6595744680851063,
            0.6642857142857143,
            0.6690647482014388,
            0.6739130434782609,
            0.6715328467153284,
            0.6764705882352942,
            0.6814814814814815,
            0.6791044776119403,
            0.6842105263157895,
            0.6818181818181818,
            0.6870229007633588,
            0.6923076923076923,
            0.6976744186046512,
            0.703125,
            0.7007874015748031,
