{
    "train_accuracy": 0.8132563256325632,
    "train_precision": 0.8280721533258174,
    "train_recall": 0.797069994574064,
    "train_f1": 0.8122753663256843,
    "val_accuracy": 0.7029702970297029,
    "val_precision": 0.7135922330097088,
    "val_recall": 0.7067307692307693,
    "val_f1": 0.7101449275362319,
    "confusion_matrix": [
        [
            137,
            59
        ],
        [
            61,
            147
        ]
    ]
}