{
    "train_loss": [
        0.7006,
        0.6747,
        0.6564,
        0.6889,
        0.6287,
        0.6212,
        0.6424,
        0.6357,
        0.5724,
        0.6109,
        0.5069,
        0.5768,
        0.484,
        0.5579,
        0.5841,
        0.5453,
        0.5535,
        0.5604,
        0.4927,
        0.481,
        0.4513,
        0.4514,
        0.4135,
        0.4934,
        0.4702,
        0.5073,
        0.4865
    ],
    "val_loss": [
        0.6221839189529419,
        0.5551741719245911,
        0.5919727087020874,
        0.5919727087020874
    ],
    "val_accuracy": [
        0.7227722772277227,
        0.745049504950495,
        0.7574257425742574,
        0.7574257425742574
    ],
    "val_precision": [
        0.7823529411764706,
        0.7333333333333333,
        0.7455357142857143,
        0.7455357142857143
    ],
    "val_recall": [
        0.6394230769230769,
        0.7932692307692307,
        0.8028846153846154,
        0.8028846153846154
    ],
    "confusion_matrix": [
        [
            139,
            57
        ],
        [
            41,
            167
        ]
    ]
}