{
    "train_loss": [
        0.6727,
        0.6437,
        0.6389,
        0.6026,
        0.5927,
        0.61,
        0.5825,
        0.6083,
        0.5452,
        0.5485,
        0.4611,
        0.4361,
        0.4662,
        0.4551,
        0.4831,
        0.4991,
        0.435,
        0.4465,
        0.336,
        0.3525,
        0.2995,
        0.3507,
        0.273,
        0.3225,
        0.2939,
        0.3492,
        0.3334
    ],
    "val_loss": [
        0.5851002335548401,
        0.5541993975639343,
        0.6887441277503967,
        0.5541993975639343
    ],
    "val_accuracy": [
        0.6881188118811881,
        0.7252475247524752,
        0.7103960396039604,
        0.7252475247524752
    ],
    "val_precision": [
        0.735632183908046,
        0.7342995169082126,
        0.7004405286343612,
        0.7342995169082126
    ],
    "val_recall": [
        0.6153846153846154,
        0.7307692307692307,
        0.7644230769230769,
        0.7307692307692307
    ],
    "confusion_matrix": [
        [
            141,
            55
        ],
        [
            56,
            152
        ]
    ]
}