{
    "train_loss": [
        0.451,
        0.5267,
        0.507,
        0.4634,
        0.4756,
        0.4904,
        0.5006,
        0.4466,
        0.4285,
        0.3762,
        0.3285,
        0.4649,
        0.3552,
        0.4899,
        0.3898,
        0.4553,
        0.3456,
        0.4041,
        0.3493,
        0.3244,
        0.3031,
        0.2947,
        0.2886,
        0.3324,
        0.2996,
        0.4004,
        0.289
    ],
    "val_loss": [
        0.5735504627227783,
        0.880801796913147,
        1.1050403118133545,
        0.5735504627227783
    ],
    "val_accuracy": [
        0.7574257425742574,
        0.7475247524752475,
        0.745049504950495,
        0.7574257425742574
    ],
    "val_precision": [
        0.7477477477477478,
        0.8011363636363636,
        0.766497461928934,
        0.7477477477477478
    ],
    "val_recall": [
        0.7980769230769231,
        0.6778846153846154,
        0.7259615384615384,
        0.7980769230769231
    ],
    "confusion_matrix": [
        [
            140,
            56
        ],
        [
            42,
            166
        ]
    ]
}